LIST_LEN,N_DIGITS,D_MODEL,N_HEAD,N_LAYERS,USE_LN,USE_BIAS,FREEZE_WV,FREEZE_WO,WEIGHT_DECAY,run_idx,val_acc,steps_trained,train_time_sec,params_total,params_trainable,val_examples,batch_size,device
1,100,64,1,1,False,False,True,True,0.01,0,0.0096435546875,50000,172.24173665046692,29990,21440,8192,1024,cuda
1,100,64,1,1,False,False,True,True,0.01,1,0.01025390625,50000,171.49023270606995,29990,21440,8192,1024,cuda
1,100,64,1,1,False,False,True,True,0.01,2,0.0111083984375,50000,170.05922865867615,29990,21440,8192,1024,cuda
1,100,64,1,2,False,False,True,True,0.01,0,1.0,2500,12.573710680007935,46630,29632,8192,1024,cuda
1,100,64,1,2,False,False,True,True,0.01,1,1.0,2500,12.482933044433594,46630,29632,8192,1024,cuda
1,100,64,1,2,False,False,True,True,0.01,2,1.0,2500,12.603095054626465,46630,29632,8192,1024,cuda
1,100,64,1,3,False,False,True,True,0.01,0,1.0,2500,16.747124433517456,63270,37824,8192,1024,cuda
1,100,64,1,3,False,False,True,True,0.01,1,1.0,2500,16.76825475692749,63270,37824,8192,1024,cuda
1,100,64,1,3,False,False,True,True,0.01,2,1.0,2500,16.5555157661438,63270,37824,8192,1024,cuda
1,100,64,1,4,False,False,True,True,0.01,0,1.0,2500,20.047024488449097,79910,46016,8192,1024,cuda
1,100,64,1,4,False,False,True,True,0.01,1,1.0,2500,20.070072174072266,79910,46016,8192,1024,cuda
1,100,64,1,4,False,False,True,True,0.01,2,1.0,2500,20.107612371444702,79910,46016,8192,1024,cuda
1,100,64,1,5,False,False,True,True,0.01,0,1.0,2500,24.935397624969482,96550,54208,8192,1024,cuda
1,100,64,1,5,False,False,True,True,0.01,1,1.0,2500,24.748125791549683,96550,54208,8192,1024,cuda
1,100,64,1,5,False,False,True,True,0.01,2,1.0,2500,24.722408533096313,96550,54208,8192,1024,cuda
1,100,64,1,6,False,False,True,True,0.01,0,1.0,2500,29.84302282333374,113190,62400,8192,1024,cuda
1,100,64,1,6,False,False,True,True,0.01,1,1.0,2500,29.888033151626587,113190,62400,8192,1024,cuda
1,100,64,1,6,False,False,True,True,0.01,2,1.0,2500,29.65675711631775,113190,62400,8192,1024,cuda
1,100,64,1,7,False,False,True,True,0.01,0,1.0,2500,33.758549451828,129830,70592,8192,1024,cuda
1,100,64,1,7,False,False,True,True,0.01,1,1.0,2500,33.77447175979614,129830,70592,8192,1024,cuda
1,100,64,1,7,False,False,True,True,0.01,2,1.0,2500,33.89882206916809,129830,70592,8192,1024,cuda
1,100,64,1,8,False,False,True,True,0.01,0,1.0,2500,38.15365195274353,146470,78784,8192,1024,cuda
1,100,64,1,8,False,False,True,True,0.01,1,1.0,2500,37.89704442024231,146470,78784,8192,1024,cuda
1,100,64,1,8,False,False,True,True,0.01,2,1.0,2500,38.30029892921448,146470,78784,8192,1024,cuda
1,100,64,1,9,False,False,True,True,0.01,0,1.0,2500,42.1601037979126,163110,86976,8192,1024,cuda
1,100,64,1,9,False,False,True,True,0.01,1,1.0,2500,42.49536180496216,163110,86976,8192,1024,cuda
1,100,64,1,9,False,False,True,True,0.01,2,1.0,2500,42.10070013999939,163110,86976,8192,1024,cuda
1,100,64,1,10,False,False,True,True,0.01,0,1.0,2500,45.689635038375854,179750,95168,8192,1024,cuda
1,100,64,1,10,False,False,True,True,0.01,1,1.0,2500,46.36143755912781,179750,95168,8192,1024,cuda
1,100,64,1,10,False,False,True,True,0.01,2,1.0,2500,45.77816581726074,179750,95168,8192,1024,cuda
2,100,64,1,1,False,False,True,True,0.01,0,0.01116943359375,50000,167.4905035495758,30118,21568,8192,1024,cuda
2,100,64,1,1,False,False,True,True,0.01,1,0.0096435546875,50000,167.5892493724823,30118,21568,8192,1024,cuda
2,100,64,1,1,False,False,True,True,0.01,2,0.0107421875,50000,167.89739537239075,30118,21568,8192,1024,cuda
2,100,64,1,2,False,False,True,True,0.01,0,0.50921630859375,50000,251.91167187690735,46758,29760,8192,1024,cuda
2,100,64,1,2,False,False,True,True,0.01,1,0.51654052734375,50000,252.05815052986145,46758,29760,8192,1024,cuda
2,100,64,1,2,False,False,True,True,0.01,2,0.50531005859375,50000,251.0076243877411,46758,29760,8192,1024,cuda
2,100,64,1,3,False,False,True,True,0.01,0,1.0,2500,16.9864718914032,63398,37952,8192,1024,cuda
2,100,64,1,3,False,False,True,True,0.01,1,1.0,2500,16.792344570159912,63398,37952,8192,1024,cuda
2,100,64,1,3,False,False,True,True,0.01,2,1.0,2500,16.656452178955078,63398,37952,8192,1024,cuda
2,100,64,1,4,False,False,True,True,0.01,0,1.0,2500,20.818455934524536,80038,46144,8192,1024,cuda
2,100,64,1,4,False,False,True,True,0.01,1,1.0,2500,20.893744945526123,80038,46144,8192,1024,cuda
2,100,64,1,4,False,False,True,True,0.01,2,1.0,2500,20.936244010925293,80038,46144,8192,1024,cuda
2,100,64,1,5,False,False,True,True,0.01,0,1.0,2500,25.73960542678833,96678,54336,8192,1024,cuda
2,100,64,1,5,False,False,True,True,0.01,1,1.0,2500,25.83614492416382,96678,54336,8192,1024,cuda
2,100,64,1,5,False,False,True,True,0.01,2,1.0,2500,25.69291663169861,96678,54336,8192,1024,cuda
2,100,64,1,6,False,False,True,True,0.01,0,0.9915771484375,10000,120.74314975738525,113318,62528,8192,1024,cuda
2,100,64,1,6,False,False,True,True,0.01,1,0.603515625,50000,603.4711310863495,113318,62528,8192,1024,cuda
2,100,64,1,6,False,False,True,True,0.01,2,0.8111572265625,50000,604.2921776771545,113318,62528,8192,1024,cuda
2,100,64,1,7,False,False,True,True,0.01,0,0.7857666015625,50000,691.8760838508606,129958,70720,8192,1024,cuda
2,100,64,1,7,False,False,True,True,0.01,1,0.505126953125,50000,691.3511588573456,129958,70720,8192,1024,cuda
2,100,64,1,7,False,False,True,True,0.01,2,0.99078369140625,47500,659.1162552833557,129958,70720,8192,1024,cuda
2,100,64,1,8,False,False,True,True,0.01,0,0.98291015625,50000,791.4043116569519,146598,78912,8192,1024,cuda
2,100,64,1,8,False,False,True,True,0.01,1,0.9764404296875,50000,791.0290839672089,146598,78912,8192,1024,cuda
2,100,64,1,8,False,False,True,True,0.01,2,0.9798583984375,50000,792.257951259613,146598,78912,8192,1024,cuda
2,100,64,1,9,False,False,True,True,0.01,0,0.992919921875,15000,266.27040243148804,163238,87104,8192,1024,cuda
2,100,64,1,9,False,False,True,True,0.01,1,0.99676513671875,15000,266.76448917388916,163238,87104,8192,1024,cuda
2,100,64,1,9,False,False,True,True,0.01,2,0.97723388671875,50000,889.1264390945435,163238,87104,8192,1024,cuda
2,100,64,1,10,False,False,True,True,0.01,0,0.9857177734375,50000,984.8352670669556,179878,95296,8192,1024,cuda
2,100,64,1,10,False,False,True,True,0.01,1,0.99029541015625,20000,393.74903321266174,179878,95296,8192,1024,cuda
2,100,64,1,10,False,False,True,True,0.01,2,0.8609619140625,50000,985.2080705165863,179878,95296,8192,1024,cuda
3,100,64,1,1,False,False,True,True,0.01,0,0.010091145833333334,50000,194.3435778617859,30246,21696,8192,1024,cuda
3,100,64,1,1,False,False,True,True,0.01,1,0.010823567708333334,50000,194.71037411689758,30246,21696,8192,1024,cuda
3,100,64,1,1,False,False,True,True,0.01,2,0.010538736979166666,50000,194.23676681518555,30246,21696,8192,1024,cuda
3,100,64,1,2,False,False,True,True,0.01,0,0.4469807942708333,50000,285.8110213279724,46886,29888,8192,1024,cuda
3,100,64,1,2,False,False,True,True,0.01,1,0.3442789713541667,50000,285.6557152271271,46886,29888,8192,1024,cuda
3,100,64,1,2,False,False,True,True,0.01,2,0.3476969401041667,50000,286.1352789402008,46886,29888,8192,1024,cuda
3,100,64,1,3,False,False,True,True,0.01,0,0.9906819661458334,17500,132.13592958450317,63526,38080,8192,1024,cuda
3,100,64,1,3,False,False,True,True,0.01,1,0.9353434244791666,50000,377.9062120914459,63526,38080,8192,1024,cuda
3,100,64,1,3,False,False,True,True,0.01,2,0.9901936848958334,17500,132.53935194015503,63526,38080,8192,1024,cuda
3,100,64,1,4,False,False,True,True,0.01,0,0.9914957682291666,2500,23.455682516098022,80166,46272,8192,1024,cuda
3,100,64,1,4,False,False,True,True,0.01,1,0.990966796875,2500,23.334630966186523,80166,46272,8192,1024,cuda
3,100,64,1,4,False,False,True,True,0.01,2,0.99169921875,2500,23.30149269104004,80166,46272,8192,1024,cuda
3,100,64,1,5,False,False,True,True,0.01,0,0.9964192708333334,2500,28.093258142471313,96806,54464,8192,1024,cuda
3,100,64,1,5,False,False,True,True,0.01,1,0.9923095703125,2500,28.024975299835205,96806,54464,8192,1024,cuda
3,100,64,1,5,False,False,True,True,0.01,2,0.9927978515625,2500,28.015270471572876,96806,54464,8192,1024,cuda
3,100,64,1,6,False,False,True,True,0.01,0,0.9923502604166666,2500,32.797311782836914,113446,62656,8192,1024,cuda
3,100,64,1,6,False,False,True,True,0.01,1,0.9931640625,2500,32.942859411239624,113446,62656,8192,1024,cuda
3,100,64,1,6,False,False,True,True,0.01,2,0.9924723307291666,2500,32.87561011314392,113446,62656,8192,1024,cuda
3,100,64,1,7,False,False,True,True,0.01,0,0.9918619791666666,5000,75.19465374946594,130086,70848,8192,1024,cuda
3,100,64,1,7,False,False,True,True,0.01,1,0.9912516276041666,5000,74.61193013191223,130086,70848,8192,1024,cuda
3,100,64,1,7,False,False,True,True,0.01,2,0.9911702473958334,5000,75.1094560623169,130086,70848,8192,1024,cuda
3,100,64,1,8,False,False,True,True,0.01,0,0.8943684895833334,50000,848.0764153003693,146726,79040,8192,1024,cuda
3,100,64,1,8,False,False,True,True,0.01,1,0.9739583333333334,50000,848.7681975364685,146726,79040,8192,1024,cuda
3,100,64,1,8,False,False,True,True,0.01,2,0.975830078125,50000,849.499029636383,146726,79040,8192,1024,cuda
3,100,64,1,9,False,False,True,True,0.01,0,0.9512125651041666,50000,967.961585521698,163366,87232,8192,1024,cuda
3,100,64,1,9,False,False,True,True,0.01,1,0.9184977213541666,50000,968.3052871227264,163366,87232,8192,1024,cuda
3,100,64,1,9,False,False,True,True,0.01,2,0.9099527994791666,50000,967.5918033123016,163366,87232,8192,1024,cuda
3,100,64,1,10,False,False,True,True,0.01,0,0.942138671875,50000,1071.140396118164,180006,95424,8192,1024,cuda
3,100,64,1,10,False,False,True,True,0.01,1,0.9159749348958334,50000,1080.204636335373,180006,95424,8192,1024,cuda
3,100,64,1,10,False,False,True,True,0.01,2,0.8866780598958334,50000,1075.2527313232422,180006,95424,8192,1024,cuda
4,100,64,1,1,False,False,True,True,0.01,0,0.010284423828125,50000,246.67457580566406,30374,21824,8192,1024,cuda
4,100,64,1,1,False,False,True,True,0.01,1,0.00927734375,50000,246.0425317287445,30374,21824,8192,1024,cuda
4,100,64,1,1,False,False,True,True,0.01,2,0.009307861328125,50000,246.03538060188293,30374,21824,8192,1024,cuda
4,100,64,1,2,False,False,True,True,0.01,0,0.263519287109375,50000,355.8482494354248,47014,30016,8192,1024,cuda
4,100,64,1,2,False,False,True,True,0.01,1,0.26812744140625,50000,355.00036334991455,47014,30016,8192,1024,cuda
4,100,64,1,2,False,False,True,True,0.01,2,0.36639404296875,50000,355.45911026000977,47014,30016,8192,1024,cuda
4,100,64,1,3,False,False,True,True,0.01,0,0.874298095703125,50000,465.7325236797333,63654,38208,8192,1024,cuda
4,100,64,1,3,False,False,True,True,0.01,1,0.8004150390625,50000,466.3347556591034,63654,38208,8192,1024,cuda
4,100,64,1,3,False,False,True,True,0.01,2,0.8779296875,50000,465.5299994945526,63654,38208,8192,1024,cuda
4,100,64,1,4,False,False,True,True,0.01,0,0.980560302734375,50000,574.7674741744995,80294,46400,8192,1024,cuda
4,100,64,1,4,False,False,True,True,0.01,1,0.9857177734375,50000,574.0989439487457,80294,46400,8192,1024,cuda
4,100,64,1,4,False,False,True,True,0.01,2,0.937042236328125,50000,574.4355211257935,80294,46400,8192,1024,cuda
4,100,64,1,5,False,False,True,True,0.01,0,0.987548828125,50000,683.6595435142517,96934,54592,8192,1024,cuda
4,100,64,1,5,False,False,True,True,0.01,1,0.988372802734375,50000,684.3884739875793,96934,54592,8192,1024,cuda
4,100,64,1,5,False,False,True,True,0.01,2,0.9906005859375,42500,581.1553671360016,96934,54592,8192,1024,cuda
4,100,64,1,6,False,False,True,True,0.01,0,0.990020751953125,32500,514.5028982162476,113574,62784,8192,1024,cuda
4,100,64,1,6,False,False,True,True,0.01,1,0.990814208984375,10000,156.7921540737152,113574,62784,8192,1024,cuda
4,100,64,1,6,False,False,True,True,0.01,2,0.990936279296875,5000,78.3049898147583,113574,62784,8192,1024,cuda
4,100,64,1,7,False,False,True,True,0.01,0,0.990234375,17500,315.56511878967285,130214,70976,8192,1024,cuda
4,100,64,1,7,False,False,True,True,0.01,1,0.990875244140625,37500,686.1026763916016,130214,70976,8192,1024,cuda
4,100,64,1,7,False,False,True,True,0.01,2,0.9898681640625,50000,916.3324728012085,130214,70976,8192,1024,cuda
4,100,64,1,8,False,False,True,True,0.01,0,0.985565185546875,50000,1034.0998878479004,146854,79168,8192,1024,cuda
4,100,64,1,8,False,False,True,True,0.01,1,0.98138427734375,50000,1034.0772037506104,146854,79168,8192,1024,cuda
4,100,64,1,8,False,False,True,True,0.01,2,0.97454833984375,50000,1034.792625427246,146854,79168,8192,1024,cuda
4,100,64,1,9,False,False,True,True,0.01,0,0.938751220703125,50000,1161.971429824829,163494,87360,8192,1024,cuda
4,100,64,1,9,False,False,True,True,0.01,1,0.858123779296875,50000,1160.3888330459595,163494,87360,8192,1024,cuda
4,100,64,1,9,False,False,True,True,0.01,2,0.952392578125,50000,1161.451236963272,163494,87360,8192,1024,cuda
4,100,64,1,10,False,False,True,True,0.01,0,0.87274169921875,50000,1261.4828433990479,180134,95552,8192,1024,cuda
4,100,64,1,10,False,False,True,True,0.01,1,0.817596435546875,50000,1260.480987071991,180134,95552,8192,1024,cuda
4,100,64,1,10,False,False,True,True,0.01,2,0.917694091796875,50000,1260.0111908912659,180134,95552,8192,1024,cuda
5,100,64,1,1,False,False,True,True,0.01,0,0.0107177734375,50000,286.79903197288513,30502,21952,8192,1024,cuda
5,100,64,1,1,False,False,True,True,0.01,1,0.0102783203125,50000,287.12152218818665,30502,21952,8192,1024,cuda
5,100,64,1,1,False,False,True,True,0.01,2,0.0100830078125,50000,286.2598066329956,30502,21952,8192,1024,cuda
5,100,64,1,2,False,False,True,True,0.01,0,0.2173095703125,50000,403.9864158630371,47142,30144,8192,1024,cuda
5,100,64,1,2,False,False,True,True,0.01,1,0.219091796875,50000,402.8331434726715,47142,30144,8192,1024,cuda
5,100,64,1,2,False,False,True,True,0.01,2,0.2194091796875,50000,403.8712193965912,47142,30144,8192,1024,cuda
5,100,64,1,3,False,False,True,True,0.01,0,0.566845703125,50000,517.9458808898926,63782,38336,8192,1024,cuda
5,100,64,1,3,False,False,True,True,0.01,1,0.3853759765625,50000,519.4187109470367,63782,38336,8192,1024,cuda
5,100,64,1,3,False,False,True,True,0.01,2,0.3852783203125,50000,518.6258318424225,63782,38336,8192,1024,cuda
5,100,64,1,4,False,False,True,True,0.01,0,0.9671630859375,50000,632.8033719062805,80422,46528,8192,1024,cuda
5,100,64,1,4,False,False,True,True,0.01,1,0.886181640625,50000,633.5402038097382,80422,46528,8192,1024,cuda
5,100,64,1,4,False,False,True,True,0.01,2,0.91572265625,50000,633.9952073097229,80422,46528,8192,1024,cuda
5,100,64,1,5,False,False,True,True,0.01,0,0.9329833984375,50000,750.5184578895569,97062,54720,8192,1024,cuda
5,100,64,1,5,False,False,True,True,0.01,1,0.9779052734375,50000,750.5763804912567,97062,54720,8192,1024,cuda
5,100,64,1,5,False,False,True,True,0.01,2,0.9353271484375,50000,750.2447762489319,97062,54720,8192,1024,cuda
5,100,64,1,6,False,False,True,True,0.01,0,0.9534912109375,50000,869.536937713623,113702,62912,8192,1024,cuda
5,100,64,1,6,False,False,True,True,0.01,1,0.9657470703125,50000,869.7818992137909,113702,62912,8192,1024,cuda
5,100,64,1,6,False,False,True,True,0.01,2,0.9631591796875,50000,869.558447599411,113702,62912,8192,1024,cuda
5,100,64,1,7,False,False,True,True,0.01,0,0.9704833984375,50000,992.8092224597931,130342,71104,8192,1024,cuda
5,100,64,1,7,False,False,True,True,0.01,1,0.9767578125,50000,1000.1231479644775,130342,71104,8192,1024,cuda
5,100,64,1,7,False,False,True,True,0.01,2,0.9772705078125,50000,1002.1178812980652,130342,71104,8192,1024,cuda
5,100,64,1,8,False,False,True,True,0.01,0,0.9697265625,50000,1133.8397617340088,146982,79296,8192,1024,cuda
5,100,64,1,8,False,False,True,True,0.01,1,0.97392578125,50000,1132.323361158371,146982,79296,8192,1024,cuda
5,100,64,1,8,False,False,True,True,0.01,2,0.969580078125,50000,1131.0335764884949,146982,79296,8192,1024,cuda
5,100,64,1,9,False,False,True,True,0.01,0,0.947021484375,50000,1247.2474718093872,163622,87488,8192,1024,cuda
5,100,64,1,9,False,False,True,True,0.01,1,0.92666015625,50000,1246.7403302192688,163622,87488,8192,1024,cuda
5,100,64,1,9,False,False,True,True,0.01,2,0.945654296875,50000,1246.3738961219788,163622,87488,8192,1024,cuda
5,100,64,1,10,False,False,True,True,0.01,0,0.9101806640625,50000,1350.5469601154327,180262,95680,8192,1024,cuda
5,100,64,1,10,False,False,True,True,0.01,1,0.89501953125,50000,1352.2173612117767,180262,95680,8192,1024,cuda
5,100,64,1,10,False,False,True,True,0.01,2,0.92490234375,50000,1352.1631243228912,180262,95680,8192,1024,cuda
6,100,64,1,1,False,False,True,True,0.01,0,0.010213216145833334,50000,329.2236521244049,30630,22080,8192,1024,cuda
6,100,64,1,1,False,False,True,True,0.01,1,0.009663899739583334,50000,328.22753834724426,30630,22080,8192,1024,cuda
6,100,64,1,1,False,False,True,True,0.01,2,0.009602864583333334,50000,328.2670509815216,30630,22080,8192,1024,cuda
6,100,64,1,2,False,False,True,True,0.01,0,0.18776448567708334,50000,452.98056507110596,47270,30272,8192,1024,cuda
6,100,64,1,2,False,False,True,True,0.01,1,0.19331868489583334,50000,452.6982207298279,47270,30272,8192,1024,cuda
6,100,64,1,2,False,False,True,True,0.01,2,0.19073486328125,50000,452.6543264389038,47270,30272,8192,1024,cuda
6,100,64,1,3,False,False,True,True,0.01,0,0.4601236979166667,50000,576.0074918270111,63910,38464,8192,1024,cuda
6,100,64,1,3,False,False,True,True,0.01,1,0.4393107096354167,50000,575.2704198360443,63910,38464,8192,1024,cuda
6,100,64,1,3,False,False,True,True,0.01,2,0.4545694986979167,50000,576.4175298213959,63910,38464,8192,1024,cuda
6,100,64,1,4,False,False,True,True,0.01,0,0.6836751302083334,50000,698.2872140407562,80550,46656,8192,1024,cuda
6,100,64,1,4,False,False,True,True,0.01,1,0.821533203125,50000,697.4098100662231,80550,46656,8192,1024,cuda
6,100,64,1,4,False,False,True,True,0.01,2,0.7672322591145834,50000,697.0027134418488,80550,46656,8192,1024,cuda
6,100,64,1,5,False,False,True,True,0.01,0,0.9398600260416666,50000,820.2781593799591,97190,54848,8192,1024,cuda
6,100,64,1,5,False,False,True,True,0.01,1,0.94891357421875,50000,821.3147614002228,97190,54848,8192,1024,cuda
6,100,64,1,5,False,False,True,True,0.01,2,0.94354248046875,50000,820.3166856765747,97190,54848,8192,1024,cuda
6,100,64,1,6,False,False,True,True,0.01,0,0.90765380859375,50000,948.3586318492889,113830,63040,8192,1024,cuda
6,100,64,1,6,False,False,True,True,0.01,1,0.9347330729166666,50000,948.7192966938019,113830,63040,8192,1024,cuda
6,100,64,1,6,False,False,True,True,0.01,2,0.9202067057291666,50000,950.6815867424011,113830,63040,8192,1024,cuda
6,100,64,1,7,False,False,True,True,0.01,0,0.9240315755208334,50000,1080.1346504688263,130470,71232,8192,1024,cuda
6,100,64,1,7,False,False,True,True,0.01,1,0.9062296549479166,50000,1068.2014751434326,130470,71232,8192,1024,cuda
6,100,64,1,7,False,False,True,True,0.01,2,0.9469807942708334,50000,1068.7737035751343,130470,71232,8192,1024,cuda
6,100,64,1,8,False,False,True,True,0.01,0,0.9479777018229166,50000,1198.9032170772552,147110,79424,8192,1024,cuda
6,100,64,1,8,False,False,True,True,0.01,1,0.77398681640625,50000,1199.0842509269714,147110,79424,8192,1024,cuda
6,100,64,1,8,False,False,True,True,0.01,2,0.9359130859375,50000,1198.9710915088654,147110,79424,8192,1024,cuda
6,100,64,1,9,False,False,True,True,0.01,0,0.9108479817708334,50000,1301.1035289764404,163750,87616,8192,1024,cuda
6,100,64,1,9,False,False,True,True,0.01,1,0.9083048502604166,50000,1301.2158691883087,163750,87616,8192,1024,cuda
6,100,64,1,9,False,False,True,True,0.01,2,0.8992513020833334,50000,1302.9208908081055,163750,87616,8192,1024,cuda
6,100,64,1,10,False,False,True,True,0.01,0,0.8868204752604166,50000,1420.0075449943542,180390,95808,8192,1024,cuda
6,100,64,1,10,False,False,True,True,0.01,1,0.9075724283854166,50000,1419.138129234314,180390,95808,8192,1024,cuda
6,100,64,1,10,False,False,True,True,0.01,2,0.8941243489583334,50000,1418.1861214637756,180390,95808,8192,1024,cuda
7,100,64,1,1,False,False,True,True,0.01,0,0.009800502232142858,50000,373.4920415878296,30758,22208,8192,1024,cuda
7,100,64,1,1,False,False,True,True,0.01,1,0.010114397321428572,50000,373.40127396583557,30758,22208,8192,1024,cuda
7,100,64,1,1,False,False,True,True,0.01,2,0.009626116071428572,50000,373.97062134742737,30758,22208,8192,1024,cuda
7,100,64,1,2,False,False,True,True,0.01,0,0.17157854352678573,50000,505.7101721763611,47398,30400,8192,1024,cuda
7,100,64,1,2,False,False,True,True,0.01,1,0.181640625,50000,506.10457730293274,47398,30400,8192,1024,cuda
7,100,64,1,2,False,False,True,True,0.01,2,0.17213657924107142,50000,505.29395055770874,47398,30400,8192,1024,cuda
7,100,64,1,3,False,False,True,True,0.01,0,0.3656005859375,50000,645.2666945457458,64038,38592,8192,1024,cuda
7,100,64,1,3,False,False,True,True,0.01,1,0.3635777064732143,50000,645.5405237674713,64038,38592,8192,1024,cuda
7,100,64,1,3,False,False,True,True,0.01,2,0.36558314732142855,50000,645.080668926239,64038,38592,8192,1024,cuda
7,100,64,1,4,False,False,True,True,0.01,0,0.6705147879464286,50000,780.3539087772369,80678,46784,8192,1024,cuda
7,100,64,1,4,False,False,True,True,0.01,1,0.6861223493303571,50000,780.4852895736694,80678,46784,8192,1024,cuda
7,100,64,1,4,False,False,True,True,0.01,2,0.6108747209821429,50000,781.7192752361298,80678,46784,8192,1024,cuda
7,100,64,1,5,False,False,True,True,0.01,0,0.8931535993303571,50000,920.8069696426392,97318,54976,8192,1024,cuda
7,100,64,1,5,False,False,True,True,0.01,1,0.9025006975446429,50000,920.6272146701813,97318,54976,8192,1024,cuda
7,100,64,1,5,False,False,True,True,0.01,2,0.8974086216517857,50000,920.792768239975,97318,54976,8192,1024,cuda
7,100,64,1,6,False,False,True,True,0.01,0,0.8744245256696429,50000,1057.492708683014,113958,63168,8192,1024,cuda
7,100,64,1,6,False,False,True,True,0.01,1,0.8565499441964286,50000,1057.7895681858063,113958,63168,8192,1024,cuda
7,100,64,1,6,False,False,True,True,0.01,2,0.8697509765625,50000,1058.497932434082,113958,63168,8192,1024,cuda
7,100,64,1,7,False,False,True,True,0.01,0,0.8837716238839286,50000,1199.1926596164703,130598,71360,8192,1024,cuda
7,100,64,1,7,False,False,True,True,0.01,1,0.7695486886160714,50000,1197.7835493087769,130598,71360,8192,1024,cuda
7,100,64,1,7,False,False,True,True,0.01,2,0.9061453683035714,50000,1198.204009771347,130598,71360,8192,1024,cuda
7,100,64,1,8,False,False,True,True,0.01,0,0.8833182198660714,50000,1330.5005395412445,147238,79552,8192,1024,cuda
7,100,64,1,8,False,False,True,True,0.01,1,0.8880615234375,50000,1331.621589899063,147238,79552,8192,1024,cuda
7,100,64,1,8,False,False,True,True,0.01,2,0.8674839564732143,50000,1330.9903268814087,147238,79552,8192,1024,cuda
7,100,64,1,9,False,False,True,True,0.01,0,0.8678676060267857,50000,1464.1449823379517,163878,87744,8192,1024,cuda
7,100,64,1,9,False,False,True,True,0.01,1,0.9009312220982143,50000,1467.1053450107574,163878,87744,8192,1024,cuda
7,100,64,1,9,False,False,True,True,0.01,2,0.8959437779017857,50000,1466.625027179718,163878,87744,8192,1024,cuda
7,100,64,1,10,False,False,True,True,0.01,0,0.8574916294642857,50000,1602.6663055419922,180518,95936,8192,1024,cuda
7,100,64,1,10,False,False,True,True,0.01,1,0.9067557198660714,50000,1602.987514257431,180518,95936,8192,1024,cuda
7,100,64,1,10,False,False,True,True,0.01,2,0.8944963727678571,50000,1603.696594953537,180518,95936,8192,1024,cuda
8,100,64,1,1,False,False,True,True,0.01,0,0.0097198486328125,50000,561.7119324207306,30886,22336,8192,1024,cuda
8,100,64,1,1,False,False,True,True,0.01,1,0.009307861328125,50000,558.9933681488037,30886,22336,8192,1024,cuda
8,100,64,1,1,False,False,True,True,0.01,2,0.0096588134765625,50000,557.7010562419891,30886,22336,8192,1024,cuda
8,100,64,1,2,False,False,True,True,0.01,0,0.157073974609375,50000,819.4563488960266,47526,30528,8192,1024,cuda
8,100,64,1,2,False,False,True,True,0.01,1,0.1677398681640625,50000,819.0653159618378,47526,30528,8192,1024,cuda
8,100,64,1,2,False,False,True,True,0.01,2,0.1558380126953125,50000,819.0471093654633,47526,30528,8192,1024,cuda
8,100,64,1,3,False,False,True,True,0.01,0,0.2364044189453125,50000,1079.4297368526459,64166,38720,8192,1024,cuda
8,100,64,1,3,False,False,True,True,0.01,1,0.30743408203125,50000,1079.873360157013,64166,38720,8192,1024,cuda
8,100,64,1,3,False,False,True,True,0.01,2,0.3079071044921875,50000,1080.1445920467377,64166,38720,8192,1024,cuda
8,100,64,1,4,False,False,True,True,0.01,0,0.7792510986328125,50000,1340.398008108139,80806,46912,8192,1024,cuda
8,100,64,1,4,False,False,True,True,0.01,1,0.8415374755859375,50000,1340.5725672245026,80806,46912,8192,1024,cuda
8,100,64,1,4,False,False,True,True,0.01,2,0.7435760498046875,50000,1339.6644759178162,80806,46912,8192,1024,cuda
8,100,64,1,5,False,False,True,True,0.01,0,0.782745361328125,50000,1608.8201973438263,97446,55104,8192,1024,cuda
8,100,64,1,5,False,False,True,True,0.01,1,0.6898651123046875,50000,1607.9986305236816,97446,55104,8192,1024,cuda
8,100,64,1,5,False,False,True,True,0.01,2,0.690765380859375,50000,1608.0252256393433,97446,55104,8192,1024,cuda
8,100,64,1,6,False,False,True,True,0.01,0,0.8102569580078125,50000,1863.8650529384613,114086,63296,8192,1024,cuda
8,100,64,1,6,False,False,True,True,0.01,1,0.759796142578125,50000,1863.711064338684,114086,63296,8192,1024,cuda
8,100,64,1,6,False,False,True,True,0.01,2,0.8676605224609375,50000,1864.5949563980103,114086,63296,8192,1024,cuda
8,100,64,1,7,False,False,True,True,0.01,0,0.8496551513671875,50000,2122.2545022964478,130726,71488,8192,1024,cuda
8,100,64,1,7,False,False,True,True,0.01,1,0.8401947021484375,50000,2122.0407893657684,130726,71488,8192,1024,cuda
8,100,64,1,7,False,False,True,True,0.01,2,0.8495635986328125,50000,2121.3800406455994,130726,71488,8192,1024,cuda
8,100,64,1,8,False,False,True,True,0.01,0,0.8291473388671875,50000,2387.4049122333527,147366,79680,8192,1024,cuda
8,100,64,1,8,False,False,True,True,0.01,1,0.8639678955078125,50000,2388.565986633301,147366,79680,8192,1024,cuda
8,100,64,1,8,False,False,True,True,0.01,2,0.7985076904296875,50000,2389.3225734233856,147366,79680,8192,1024,cuda
8,100,64,1,9,False,False,True,True,0.01,0,0.861602783203125,50000,2651.869155883789,164006,87872,8192,1024,cuda
8,100,64,1,9,False,False,True,True,0.01,1,0.82818603515625,50000,2653.3928916454315,164006,87872,8192,1024,cuda
8,100,64,1,9,False,False,True,True,0.01,2,0.857574462890625,50000,2653.2331414222717,164006,87872,8192,1024,cuda
8,100,64,1,10,False,False,True,True,0.01,0,0.877685546875,50000,2913.2650282382965,180646,96064,8192,1024,cuda
